,DATASET,ALGORITHM,GENERAL_MAE,GENERAL_RMSE,PTS_MAE,PTS_RMSE,REB_MAE,REB_RMSE,AST_MAE,AST_RMSE
0,TRAIN,LinearRegression,3.5765999697703403,5.08673886110613,6.081095452786571,58.82864663757306,2.710256323773581,12.262306937130324,1.9384481327508696,6.533783148558495
1,TEST,LinearRegression,3.6520953243218712,5.301736858455837,6.372929904061109,65.88807703003569,2.6004491627830317,11.590029543820659,1.9829069061214737,6.847134575071166
2,TRAIN,DecisionTreeRegressor,3.5884025608706036,5.107114116798647,6.1070567688521145,59.35178661988345,2.7213067470322962,12.36961640348493,1.9368441667274,6.526440782643696
3,TEST,DecisionTreeRegressor,3.6639937287115445,5.3460403751076955,6.40238437139472,67.03577998874502,2.6085776206108697,11.748095473849874,1.9810191941290427,6.956567614249986
4,TRAIN,RandomForestRegressor,1.4212129539228713,2.0925332039273523,2.4097701971415457,9.946989520836212,1.0803490205185895,2.084285903880753,0.773519644108479,1.1048102038984455
5,TEST,RandomForestRegressor,3.8338220508800838,5.465945745557195,6.604120166009593,69.53133020832163,2.7650786724367276,12.609399184348346,2.132267314193933,7.488959287454417
6,TRAIN,GradientBoostingRegressor,3.5914433734843443,5.105641453875909,6.111108204306683,59.29819590971859,2.724637182234226,12.37382441652642,1.9385847339121243,6.53070364036331
7,TEST,GradientBoostingRegressor,3.663865088654397,5.354123364513281,6.409071753683707,67.33433188811918,2.6095837824887327,11.742501205467084,1.9729397297907516,6.923077913694807
